{
    "dim_x": 10,
    "initial": [
        1.0218105871229028,
        6.830265412646831,
        5.695695896334252,
        -5.2172817445599176,
        3.2072899420566405,
        9.145061308364722,
        4.734122030337656,
        -2.232213818580613,
        -0.632952963015068,
        -0.2932052372030145
    ],
    "time_start": 0,
    "time_stop": 5000,
    "forcing_x": 8,
    "t_evaluate": null
}
