{
    "dim_x": 10,
    "initial": [
        6.153111592244434,
        2.9944176602157127,
        5.587910054506255,
        2.0127242384203976,
        -3.7538755080577544,
        0.5232230395338198,
        10.59220117191624,
        9.152717385364898,
        -2.0483686749555523,
        5.219893566344793
    ],
    "time_start": 0,
    "time_stop": 5000,
    "forcing_x": 10,
    "t_evaluate": null
}